[
  {
    "name": "Process Start",
    "start": 1692752924781,
    "end": 1692752925544,
    "duration": 763,
    "pid": 36318,
    "index": 0
  },
  {
    "name": "Application Start",
    "start": 1692752925545,
    "end": 1692752928258,
    "duration": 2713,
    "pid": 36318,
    "index": 1
  },
  {
    "name": "Load Plugin",
    "start": 1692752925559,
    "end": 1692752927133,
    "duration": 1574,
    "pid": 36318,
    "index": 2
  },
  {
    "name": "Load Config",
    "start": 1692752927133,
    "end": 1692752927201,
    "duration": 68,
    "pid": 36318,
    "index": 3
  },
  {
    "name": "Require(0) config/config.default.ts",
    "start": 1692752927133,
    "end": 1692752927173,
    "duration": 40,
    "pid": 36318,
    "index": 4
  },
  {
    "name": "Require(1) config/config.local.ts",
    "start": 1692752927174,
    "end": 1692752927177,
    "duration": 3,
    "pid": 36318,
    "index": 5
  },
  {
    "name": "Require(2) node_modules/.store/egg-session@3.3.0/node_modules/egg-session/config/config.default.js",
    "start": 1692752927178,
    "end": 1692752927178,
    "duration": 0,
    "pid": 36318,
    "index": 6
  },
  {
    "name": "Require(3) node_modules/.store/egg-security@3.0.0/node_modules/egg-security/config/config.default.js",
    "start": 1692752927178,
    "end": 1692752927179,
    "duration": 1,
    "pid": 36318,
    "index": 7
  },
  {
    "name": "Require(4) node_modules/.store/egg-jsonp@2.0.0/node_modules/egg-jsonp/config/config.default.js",
    "start": 1692752927180,
    "end": 1692752927180,
    "duration": 0,
    "pid": 36318,
    "index": 8
  },
  {
    "name": "Require(5) node_modules/.store/egg-onerror@2.2.0/node_modules/egg-onerror/config/config.default.js",
    "start": 1692752927180,
    "end": 1692752927181,
    "duration": 1,
    "pid": 36318,
    "index": 9
  },
  {
    "name": "Require(6) node_modules/.store/egg-i18n@2.1.1/node_modules/egg-i18n/config/config.default.js",
    "start": 1692752927181,
    "end": 1692752927181,
    "duration": 0,
    "pid": 36318,
    "index": 10
  },
  {
    "name": "Require(7) node_modules/.store/egg-watcher@3.1.1/node_modules/egg-watcher/config/config.default.js",
    "start": 1692752927182,
    "end": 1692752927183,
    "duration": 1,
    "pid": 36318,
    "index": 11
  },
  {
    "name": "Require(8) node_modules/.store/egg-schedule@4.0.0/node_modules/egg-schedule/config/config.default.js",
    "start": 1692752927183,
    "end": 1692752927184,
    "duration": 1,
    "pid": 36318,
    "index": 12
  },
  {
    "name": "Require(9) node_modules/.store/egg-multipart@3.3.0/node_modules/egg-multipart/config/config.default.js",
    "start": 1692752927184,
    "end": 1692752927185,
    "duration": 1,
    "pid": 36318,
    "index": 13
  },
  {
    "name": "Require(10) node_modules/.store/egg-development@2.7.0/node_modules/egg-development/config/config.default.js",
    "start": 1692752927185,
    "end": 1692752927185,
    "duration": 0,
    "pid": 36318,
    "index": 14
  },
  {
    "name": "Require(11) node_modules/.store/egg-logrotator@3.1.0/node_modules/egg-logrotator/config/config.default.js",
    "start": 1692752927186,
    "end": 1692752927186,
    "duration": 0,
    "pid": 36318,
    "index": 15
  },
  {
    "name": "Require(12) node_modules/.store/egg-static@2.3.1/node_modules/egg-static/config/config.default.js",
    "start": 1692752927187,
    "end": 1692752927187,
    "duration": 0,
    "pid": 36318,
    "index": 16
  },
  {
    "name": "Require(13) node_modules/.store/egg-view@2.1.4/node_modules/egg-view/config/config.default.js",
    "start": 1692752927188,
    "end": 1692752927188,
    "duration": 0,
    "pid": 36318,
    "index": 17
  },
  {
    "name": "Require(14) node_modules/.store/egg-tracer@2.1.0/node_modules/egg-tracer/config/config.default.js",
    "start": 1692752927190,
    "end": 1692752927191,
    "duration": 1,
    "pid": 36318,
    "index": 18
  },
  {
    "name": "Require(15) node_modules/.store/egg@3.17.3/node_modules/egg/config/config.default.js",
    "start": 1692752927191,
    "end": 1692752927192,
    "duration": 1,
    "pid": 36318,
    "index": 19
  },
  {
    "name": "Require(16) config/config.default.ts",
    "start": 1692752927193,
    "end": 1692752927193,
    "duration": 0,
    "pid": 36318,
    "index": 20
  },
  {
    "name": "Require(17) node_modules/.store/egg-security@3.0.0/node_modules/egg-security/config/config.local.js",
    "start": 1692752927193,
    "end": 1692752927194,
    "duration": 1,
    "pid": 36318,
    "index": 21
  },
  {
    "name": "Require(18) node_modules/.store/egg-watcher@3.1.1/node_modules/egg-watcher/config/config.local.js",
    "start": 1692752927196,
    "end": 1692752927196,
    "duration": 0,
    "pid": 36318,
    "index": 22
  },
  {
    "name": "Require(19) node_modules/.store/egg-view@2.1.4/node_modules/egg-view/config/config.local.js",
    "start": 1692752927197,
    "end": 1692752927198,
    "duration": 1,
    "pid": 36318,
    "index": 23
  },
  {
    "name": "Require(20) node_modules/.store/egg@3.17.3/node_modules/egg/config/config.local.js",
    "start": 1692752927200,
    "end": 1692752927200,
    "duration": 0,
    "pid": 36318,
    "index": 24
  },
  {
    "name": "Require(21) config/config.local.ts",
    "start": 1692752927201,
    "end": 1692752927201,
    "duration": 0,
    "pid": 36318,
    "index": 25
  },
  {
    "name": "Load extend/application.js",
    "start": 1692752927202,
    "end": 1692752927358,
    "duration": 156,
    "pid": 36318,
    "index": 26
  },
  {
    "name": "Require(22) node_modules/.store/egg-session@3.3.0/node_modules/egg-session/app/extend/application.js",
    "start": 1692752927202,
    "end": 1692752927203,
    "duration": 1,
    "pid": 36318,
    "index": 27
  },
  {
    "name": "Require(23) node_modules/.store/egg-security@3.0.0/node_modules/egg-security/app/extend/application.js",
    "start": 1692752927203,
    "end": 1692752927204,
    "duration": 1,
    "pid": 36318,
    "index": 28
  },
  {
    "name": "Require(24) node_modules/.store/egg-jsonp@2.0.0/node_modules/egg-jsonp/app/extend/application.js",
    "start": 1692752927205,
    "end": 1692752927207,
    "duration": 2,
    "pid": 36318,
    "index": 29
  },
  {
    "name": "Require(25) node_modules/.store/egg-schedule@4.0.0/node_modules/egg-schedule/app/extend/application.js",
    "start": 1692752927208,
    "end": 1692752927210,
    "duration": 2,
    "pid": 36318,
    "index": 30
  },
  {
    "name": "Require(26) node_modules/.store/egg-logrotator@3.1.0/node_modules/egg-logrotator/app/extend/application.js",
    "start": 1692752927211,
    "end": 1692752927213,
    "duration": 2,
    "pid": 36318,
    "index": 31
  },
  {
    "name": "Require(27) node_modules/.store/egg-view@2.1.4/node_modules/egg-view/app/extend/application.js",
    "start": 1692752927213,
    "end": 1692752927216,
    "duration": 3,
    "pid": 36318,
    "index": 32
  },
  {
    "name": "Require(28) node_modules/.store/@eggjs+tegg-plugin@3.11.1/node_modules/@eggjs/tegg-plugin/app/extend/application.js",
    "start": 1692752927216,
    "end": 1692752927352,
    "duration": 136,
    "pid": 36318,
    "index": 33
  },
  {
    "name": "Require(29) node_modules/.store/egg-tracer@2.1.0/node_modules/egg-tracer/app/extend/application.js",
    "start": 1692752927353,
    "end": 1692752927355,
    "duration": 2,
    "pid": 36318,
    "index": 34
  },
  {
    "name": "Load extend/request.js",
    "start": 1692752927358,
    "end": 1692752927366,
    "duration": 8,
    "pid": 36318,
    "index": 35
  },
  {
    "name": "Require(30) node_modules/.store/egg@3.17.3/node_modules/egg/app/extend/request.js",
    "start": 1692752927361,
    "end": 1692752927363,
    "duration": 2,
    "pid": 36318,
    "index": 36
  },
  {
    "name": "Load extend/response.js",
    "start": 1692752927366,
    "end": 1692752927376,
    "duration": 10,
    "pid": 36318,
    "index": 37
  },
  {
    "name": "Require(31) node_modules/.store/egg@3.17.3/node_modules/egg/app/extend/response.js",
    "start": 1692752927369,
    "end": 1692752927372,
    "duration": 3,
    "pid": 36318,
    "index": 38
  },
  {
    "name": "Load extend/context.js",
    "start": 1692752927376,
    "end": 1692752927412,
    "duration": 36,
    "pid": 36318,
    "index": 39
  },
  {
    "name": "Require(32) node_modules/.store/egg-security@3.0.0/node_modules/egg-security/app/extend/context.js",
    "start": 1692752927376,
    "end": 1692752927383,
    "duration": 7,
    "pid": 36318,
    "index": 40
  },
  {
    "name": "Require(33) node_modules/.store/egg-jsonp@2.0.0/node_modules/egg-jsonp/app/extend/context.js",
    "start": 1692752927383,
    "end": 1692752927384,
    "duration": 1,
    "pid": 36318,
    "index": 41
  },
  {
    "name": "Require(34) node_modules/.store/egg-i18n@2.1.1/node_modules/egg-i18n/app/extend/context.js",
    "start": 1692752927385,
    "end": 1692752927385,
    "duration": 0,
    "pid": 36318,
    "index": 42
  },
  {
    "name": "Require(35) node_modules/.store/egg-multipart@3.3.0/node_modules/egg-multipart/app/extend/context.js",
    "start": 1692752927386,
    "end": 1692752927393,
    "duration": 7,
    "pid": 36318,
    "index": 43
  },
  {
    "name": "Require(36) node_modules/.store/egg-view@2.1.4/node_modules/egg-view/app/extend/context.js",
    "start": 1692752927394,
    "end": 1692752927395,
    "duration": 1,
    "pid": 36318,
    "index": 44
  },
  {
    "name": "Require(37) node_modules/.store/@eggjs+tegg-plugin@3.11.1/node_modules/@eggjs/tegg-plugin/app/extend/context.js",
    "start": 1692752927396,
    "end": 1692752927398,
    "duration": 2,
    "pid": 36318,
    "index": 45
  },
  {
    "name": "Require(38) node_modules/.store/@eggjs+tegg-eventbus-plugin@3.11.1/node_modules/@eggjs/tegg-eventbus-plugin/app/extend/context.js",
    "start": 1692752927399,
    "end": 1692752927407,
    "duration": 8,
    "pid": 36318,
    "index": 46
  },
  {
    "name": "Require(39) node_modules/.store/egg-tracer@2.1.0/node_modules/egg-tracer/app/extend/context.js",
    "start": 1692752927407,
    "end": 1692752927408,
    "duration": 1,
    "pid": 36318,
    "index": 47
  },
  {
    "name": "Require(40) node_modules/.store/egg@3.17.3/node_modules/egg/app/extend/context.js",
    "start": 1692752927408,
    "end": 1692752927409,
    "duration": 1,
    "pid": 36318,
    "index": 48
  },
  {
    "name": "Load extend/helper.js",
    "start": 1692752927412,
    "end": 1692752927441,
    "duration": 29,
    "pid": 36318,
    "index": 49
  },
  {
    "name": "Require(41) node_modules/.store/egg-security@3.0.0/node_modules/egg-security/app/extend/helper.js",
    "start": 1692752927413,
    "end": 1692752927432,
    "duration": 19,
    "pid": 36318,
    "index": 50
  },
  {
    "name": "Require(42) node_modules/.store/egg@3.17.3/node_modules/egg/app/extend/helper.js",
    "start": 1692752927438,
    "end": 1692752927438,
    "duration": 0,
    "pid": 36318,
    "index": 51
  },
  {
    "name": "Load app.js",
    "start": 1692752927442,
    "end": 1692752927554,
    "duration": 112,
    "pid": 36318,
    "index": 52
  },
  {
    "name": "Require(43) node_modules/.store/egg-session@3.3.0/node_modules/egg-session/app.js",
    "start": 1692752927442,
    "end": 1692752927443,
    "duration": 1,
    "pid": 36318,
    "index": 53
  },
  {
    "name": "Require(44) node_modules/.store/egg-security@3.0.0/node_modules/egg-security/app.js",
    "start": 1692752927443,
    "end": 1692752927445,
    "duration": 2,
    "pid": 36318,
    "index": 54
  },
  {
    "name": "Require(45) node_modules/.store/egg-onerror@2.2.0/node_modules/egg-onerror/app.js",
    "start": 1692752927445,
    "end": 1692752927458,
    "duration": 13,
    "pid": 36318,
    "index": 55
  },
  {
    "name": "Require(46) node_modules/.store/egg-i18n@2.1.1/node_modules/egg-i18n/app.js",
    "start": 1692752927458,
    "end": 1692752927466,
    "duration": 8,
    "pid": 36318,
    "index": 56
  },
  {
    "name": "Require(47) node_modules/.store/egg-watcher@3.1.1/node_modules/egg-watcher/app.js",
    "start": 1692752927466,
    "end": 1692752927469,
    "duration": 3,
    "pid": 36318,
    "index": 57
  },
  {
    "name": "Require(48) node_modules/.store/egg-schedule@4.0.0/node_modules/egg-schedule/app.js",
    "start": 1692752927470,
    "end": 1692752927470,
    "duration": 0,
    "pid": 36318,
    "index": 58
  },
  {
    "name": "Require(49) node_modules/.store/egg-multipart@3.3.0/node_modules/egg-multipart/app.js",
    "start": 1692752927471,
    "end": 1692752927472,
    "duration": 1,
    "pid": 36318,
    "index": 59
  },
  {
    "name": "Require(50) node_modules/.store/egg-development@2.7.0/node_modules/egg-development/app.js",
    "start": 1692752927472,
    "end": 1692752927473,
    "duration": 1,
    "pid": 36318,
    "index": 60
  },
  {
    "name": "Require(51) node_modules/.store/egg-logrotator@3.1.0/node_modules/egg-logrotator/app.js",
    "start": 1692752927473,
    "end": 1692752927474,
    "duration": 1,
    "pid": 36318,
    "index": 61
  },
  {
    "name": "Require(52) node_modules/.store/egg-static@2.3.1/node_modules/egg-static/app.js",
    "start": 1692752927474,
    "end": 1692752927474,
    "duration": 0,
    "pid": 36318,
    "index": 62
  },
  {
    "name": "Require(53) node_modules/.store/@eggjs+tegg-config@3.11.1/node_modules/@eggjs/tegg-config/app.js",
    "start": 1692752927475,
    "end": 1692752927476,
    "duration": 1,
    "pid": 36318,
    "index": 63
  },
  {
    "name": "Require(54) node_modules/.store/@eggjs+tegg-plugin@3.11.1/node_modules/@eggjs/tegg-plugin/app.js",
    "start": 1692752927476,
    "end": 1692752927502,
    "duration": 26,
    "pid": 36318,
    "index": 64
  },
  {
    "name": "Require(55) node_modules/.store/@eggjs+tegg-controller-plugin@3.11.1/node_modules/@eggjs/tegg-controller-plugin/app.js",
    "start": 1692752927502,
    "end": 1692752927530,
    "duration": 28,
    "pid": 36318,
    "index": 65
  },
  {
    "name": "Require(56) node_modules/.store/@eggjs+tegg-schedule-plugin@3.11.1/node_modules/@eggjs/tegg-schedule-plugin/app.js",
    "start": 1692752927531,
    "end": 1692752927537,
    "duration": 6,
    "pid": 36318,
    "index": 66
  },
  {
    "name": "Require(57) node_modules/.store/@eggjs+tegg-eventbus-plugin@3.11.1/node_modules/@eggjs/tegg-eventbus-plugin/app.js",
    "start": 1692752927538,
    "end": 1692752927542,
    "duration": 4,
    "pid": 36318,
    "index": 67
  },
  {
    "name": "Require(58) node_modules/.store/@eggjs+tegg-aop-plugin@3.11.1/node_modules/@eggjs/tegg-aop-plugin/app.js",
    "start": 1692752927542,
    "end": 1692752927552,
    "duration": 10,
    "pid": 36318,
    "index": 68
  },
  {
    "name": "Require(59) node_modules/.store/egg-tracer@2.1.0/node_modules/egg-tracer/app.js",
    "start": 1692752927552,
    "end": 1692752927553,
    "duration": 1,
    "pid": 36318,
    "index": 69
  },
  {
    "name": "Before Start in node_modules/.store/egg-watcher@3.1.1/node_modules/egg-watcher/lib/init.js:15:14",
    "start": 1692752927597,
    "end": 1692752928258,
    "duration": 661,
    "pid": 36318,
    "index": 70
  },
  {
    "name": "Did Load in node_modules/.store/@eggjs+tegg-plugin@3.11.1/node_modules/@eggjs/tegg-plugin/app.js:didLoad",
    "start": 1692752927624,
    "end": 1692752928211,
    "duration": 587,
    "pid": 36318,
    "index": 71
  },
  {
    "name": "Did Load in node_modules/.store/@eggjs+tegg-controller-plugin@3.11.1/node_modules/@eggjs/tegg-controller-plugin/app.js:didLoad",
    "start": 1692752927624,
    "end": 1692752928235,
    "duration": 611,
    "pid": 36318,
    "index": 72
  },
  {
    "name": "Did Load in node_modules/.store/@eggjs+tegg-eventbus-plugin@3.11.1/node_modules/@eggjs/tegg-eventbus-plugin/app.js:didLoad",
    "start": 1692752927624,
    "end": 1692752928212,
    "duration": 588,
    "pid": 36318,
    "index": 73
  },
  {
    "name": "Load Service",
    "start": 1692752927624,
    "end": 1692752927632,
    "duration": 8,
    "pid": 36318,
    "index": 74
  },
  {
    "name": "Load \"service\" to Context",
    "start": 1692752927624,
    "end": 1692752927632,
    "duration": 8,
    "pid": 36318,
    "index": 75
  },
  {
    "name": "Load Middleware",
    "start": 1692752927632,
    "end": 1692752927735,
    "duration": 103,
    "pid": 36318,
    "index": 76
  },
  {
    "name": "Load \"middlewares\" to Application",
    "start": 1692752927634,
    "end": 1692752927725,
    "duration": 91,
    "pid": 36318,
    "index": 77
  },
  {
    "name": "Load Controller",
    "start": 1692752927735,
    "end": 1692752927735,
    "duration": 0,
    "pid": 36318,
    "index": 78
  },
  {
    "name": "Load \"controller\" to Application",
    "start": 1692752927735,
    "end": 1692752927735,
    "duration": 0,
    "pid": 36318,
    "index": 79
  },
  {
    "name": "Load Router",
    "start": 1692752927735,
    "end": 1692752927735,
    "duration": 0,
    "pid": 36318,
    "index": 80
  },
  {
    "name": "Before Start in node_modules/.store/egg-core@5.3.1/node_modules/egg-core/lib/egg.js:304:10",
    "start": 1692752927739,
    "end": 1692752927746,
    "duration": 7,
    "pid": 36318,
    "index": 81
  }
]