[
  {
    "name": "GET ArticleController.articleDetail",
    "methods": [
      "HEAD",
      "GET"
    ],
    "paramNames": [],
    "path": "/article/articleDetail",
    "regexp": "/^\\/article\\/articleDetail(?:\\/(?=$))?$/",
    "stack": [
      "wrappedController"
    ]
  },
  {
    "name": "GET FavorateController.noteList",
    "methods": [
      "HEAD",
      "GET"
    ],
    "paramNames": [],
    "path": "/mine/noteList",
    "regexp": "/^\\/mine\\/noteList(?:\\/(?=$))?$/",
    "stack": [
      "wrappedController"
    ]
  },
  {
    "name": "GET FavorateController.collectionList",
    "methods": [
      "HEAD",
      "GET"
    ],
    "paramNames": [],
    "path": "/mine/collectionList",
    "regexp": "/^\\/mine\\/collectionList(?:\\/(?=$))?$/",
    "stack": [
      "wrappedController"
    ]
  },
  {
    "name": "GET FavorateController.favorateList",
    "methods": [
      "HEAD",
      "GET"
    ],
    "paramNames": [],
    "path": "/mine/favorateList",
    "regexp": "/^\\/mine\\/favorateList(?:\\/(?=$))?$/",
    "stack": [
      "wrappedController"
    ]
  },
  {
    "name": "GET FavorateController.accountInfo",
    "methods": [
      "HEAD",
      "GET"
    ],
    "paramNames": [],
    "path": "/mine/accountInfo",
    "regexp": "/^\\/mine\\/accountInfo(?:\\/(?=$))?$/",
    "stack": [
      "wrappedController"
    ]
  },
  {
    "name": "GET FollowController.articleList",
    "methods": [
      "HEAD",
      "GET"
    ],
    "paramNames": [],
    "path": "/follow/articleList",
    "regexp": "/^\\/follow\\/articleList(?:\\/(?=$))?$/",
    "stack": [
      "wrappedController"
    ]
  },
  {
    "name": "GET GoodsController.goodsList",
    "methods": [
      "HEAD",
      "GET"
    ],
    "paramNames": [],
    "path": "/goods/goodsList",
    "regexp": "/^\\/goods\\/goodsList(?:\\/(?=$))?$/",
    "stack": [
      "wrappedController"
    ]
  },
  {
    "name": "GET GoodsController.top10Category",
    "methods": [
      "HEAD",
      "GET"
    ],
    "paramNames": [],
    "path": "/goods/top10Category",
    "regexp": "/^\\/goods\\/top10Category(?:\\/(?=$))?$/",
    "stack": [
      "wrappedController"
    ]
  },
  {
    "name": "GET HomeController.homeList",
    "methods": [
      "HEAD",
      "GET"
    ],
    "paramNames": [],
    "path": "/home/homeList",
    "regexp": "/^\\/home\\/homeList(?:\\/(?=$))?$/",
    "stack": [
      "wrappedController"
    ]
  },
  {
    "name": "GET MessageController.messageList",
    "methods": [
      "HEAD",
      "GET"
    ],
    "paramNames": [],
    "path": "/message/messageList",
    "regexp": "/^\\/message\\/messageList(?:\\/(?=$))?$/",
    "stack": [
      "wrappedController"
    ]
  },
  {
    "name": "GET MessageController.unread",
    "methods": [
      "HEAD",
      "GET"
    ],
    "paramNames": [],
    "path": "/message/unread",
    "regexp": "/^\\/message\\/unread(?:\\/(?=$))?$/",
    "stack": [
      "wrappedController"
    ]
  },
  {
    "name": "GET UserController.login",
    "methods": [
      "HEAD",
      "GET"
    ],
    "paramNames": [],
    "path": "/user/login",
    "regexp": "/^\\/user\\/login(?:\\/(?=$))?$/",
    "stack": [
      "wrappedController"
    ]
  }
]